TIME (HH:MM:SS),DATE (MM/DD/YYYY),TAL PC RFU,CHLOROPHYLL RFU,COND uS/CM,SPCOND uS/CM,TDS MG/L,SAL PSU,NLF COND uS/CM,ODO % SAT,ODO MG/L,PH,TEMP C
3:10:38 PM,7/18/2024,0.65,0.39,15.5,15.3,10,0.01,15.2,106.6,8.68,8.73,25.75
3:05:38 PM,7/18/2024,24.88,103.56,134,130.1,85,0.06,129.7,148.7,11.94,8.82,26.554
3:00:38 PM,7/18/2024,26.28,116.66,134,130.3,85,0.06,129.9,147.6,11.86,8.81,26.495
2:55:38 PM,7/18/2024,25.57,114.87,133.7,130.5,85,0.06,130.2,147.2,11.87,8.79,26.293
2:50:38 PM,7/18/2024,26.62,114.56,133.2,130.6,85,0.06,130.3,145.1,11.76,8.73,26.053
2:45:38 PM,7/18/2024,27.05,123.65,133.4,130.9,85,0.06,130.7,145.4,11.8,8.74,25.98
2:40:38 PM,7/18/2024,26.77,116,133.5,131.4,85,0.06,131.1,144,11.71,8.71,25.85
2:35:38 PM,7/18/2024,27.11,119.26,133.2,131.4,85,0.06,131.3,143.1,11.67,8.69,25.717
2:30:38 PM,7/18/2024,24.8,125.24,132.9,130.9,85,0.06,130.7,143.4,11.67,8.68,25.802
2:25:38 PM,7/18/2024,26.55,118.51,132.9,131.1,85,0.06,130.9,142,11.58,8.68,25.728
2:20:38 PM,7/18/2024,22.66,98.17,132.6,131,85,0.06,130.8,142.3,11.62,8.67,25.649
2:15:38 PM,7/18/2024,26.69,120.54,132.1,131.3,85,0.06,131.2,139.7,11.48,8.6,25.297
2:10:38 PM,7/18/2024,24.62,106.24,132,131.4,85,0.06,131.3,140.6,11.56,8.6,25.245
2:05:38 PM,7/18/2024,22.76,109.81,131.6,131.8,86,0.06,131.9,137.6,11.39,8.55,24.894
2:00:38 PM,7/18/2024,24.5,113.52,131.4,132,86,0.06,132.1,136.8,11.35,8.52,24.78
1:55:38 PM,7/18/2024,25.6,112.43,131.3,132,86,0.06,132.1,137,11.38,8.51,24.708
1:50:38 PM,7/18/2024,25.07,111.71,131.3,132.2,86,0.06,132.3,136.7,11.37,8.51,24.655
1:45:38 PM,7/18/2024,21.66,101.1,131.2,132.2,86,0.06,132.3,136.9,11.39,8.51,24.595
1:40:38 PM,7/18/2024,22.92,102.08,131,132.3,86,0.06,132.4,136.1,11.35,8.48,24.5
1:35:38 PM,7/18/2024,22.83,98,130.6,132.6,86,0.06,132.8,133.2,11.17,8.42,24.198
1:30:38 PM,7/18/2024,25.69,111.16,130.4,132.9,86,0.06,133.1,131.3,11.04,8.37,24.008
1:25:38 PM,7/18/2024,27.68,117.13,130.2,133,86,0.06,133.3,130.9,11.04,8.37,23.889
1:20:38 PM,7/18/2024,23.25,126.17,130,132.9,86,0.06,133.2,130.9,11.04,8.36,23.873
1:15:38 PM,7/18/2024,25.71,117.75,129.7,133.1,86,0.06,133.4,129.3,10.95,8.32,23.665
1:10:38 PM,7/18/2024,26.3,120.85,129.7,133.1,87,0.06,133.4,129.9,11.01,8.34,23.667
1:05:38 PM,7/18/2024,25.34,111.02,129.4,133.3,87,0.06,133.7,128.3,10.91,8.29,23.438
1:00:38 PM,7/18/2024,28.55,136.38,129.1,133.4,87,0.06,133.9,127,10.83,8.25,23.282
12:55:38 PM,7/18/2024,27.7,121.22,128.8,134,87,0.06,134.6,123.6,10.6,8.16,22.967
12:50:38 PM,7/18/2024,25.64,110,128.4,133.8,87,0.06,134.3,123.6,10.62,8.15,22.91
12:45:38 PM,7/18/2024,27.45,119.46,128.2,134.1,87,0.06,134.7,120.7,10.41,8.07,22.685
12:40:38 PM,7/18/2024,22.3,135.96,128.1,134.2,87,0.06,134.8,120.8,10.44,8.08,22.611
12:35:38 PM,7/18/2024,22.4,108.24,127.8,134.2,87,0.06,134.9,119,10.3,8.03,22.501
12:30:38 PM,7/18/2024,23.47,118.55,127.8,134.2,87,0.06,134.8,120,10.38,8.05,22.513
12:25:38 PM,7/18/2024,26.59,120.79,127.6,134.1,87,0.06,134.8,118.5,10.27,8,22.457
12:20:38 PM,7/18/2024,25,99.17,127.4,134.5,87,0.06,135.2,116.6,10.14,7.96,22.232
12:15:38 PM,7/18/2024,25.43,114.49,127.2,134.4,87,0.06,135.1,116.2,10.12,7.94,22.213
12:10:38 PM,7/18/2024,21.22,98.79,127.1,134.6,87,0.06,135.3,115.9,10.11,7.92,22.101
12:05:38 PM,7/18/2024,26.18,120.78,127,134.7,88,0.06,135.4,115.1,10.06,7.88,22.024
12:00:38 PM,7/18/2024,22.8,115.19,126.7,134.8,88,0.06,135.6,112.5,9.87,7.8,21.839
11:55:38 AM,7/18/2024,26.17,121.65,126.6,135,88,0.06,135.8,112.5,9.88,7.8,21.756
11:50:38 AM,7/18/2024,24.16,124.22,126.4,135.2,88,0.06,136,110.6,9.74,7.75,21.611
11:45:38 AM,7/18/2024,25.85,117.81,126.3,135.1,88,0.06,135.9,111.1,9.79,7.75,21.598
11:40:38 AM,7/18/2024,24.86,121.87,126,135.1,88,0.06,136,109.7,9.69,7.71,21.481
11:35:38 AM,7/18/2024,26.35,117.66,125.8,135.3,88,0.06,136.2,108.3,9.6,7.66,21.303
11:30:38 AM,7/18/2024,20.83,93.87,125.7,135.5,88,0.06,136.5,106.4,9.45,7.6,21.18
11:25:38 AM,7/18/2024,23.35,124,125.4,135.6,88,0.06,136.6,106.2,9.45,7.58,21.055
11:20:38 AM,7/18/2024,22.71,112.57,125.2,135.8,88,0.06,136.8,104.2,9.3,7.53,20.92
11:15:38 AM,7/18/2024,23.29,121.67,125,135.8,88,0.06,136.9,103.8,9.28,7.51,20.83
11:10:38 AM,7/18/2024,25.31,122.94,124.9,136,88,0.06,137,102,9.14,7.46,20.722
11:05:38 AM,7/18/2024,24.67,128.03,124.8,136.1,88,0.06,137.2,100.7,9.04,7.43,20.643
11:00:38 AM,7/18/2024,20.54,109.84,124.6,136.2,89,0.06,137.3,99.8,8.97,7.4,20.549
10:55:38 AM,7/18/2024,21.97,109.46,124.5,136.3,89,0.06,137.4,99,8.92,7.38,20.471
10:50:38 AM,7/18/2024,29.27,129.4,124.4,136.4,89,0.06,137.6,98.2,8.86,7.35,20.392
10:45:38 AM,7/18/2024,27.22,127.84,124.4,136.5,89,0.06,137.6,96.7,8.73,7.32,20.36
10:40:38 AM,7/18/2024,25.25,102.85,124.3,136.5,89,0.06,137.7,96.2,8.69,7.3,20.329
10:35:38 AM,7/18/2024,20.98,110.43,124.3,136.7,89,0.06,137.8,95.1,8.6,7.27,20.259
10:30:38 AM,7/18/2024,28.89,135.91,124.3,136.8,89,0.06,137.9,93.5,8.46,7.25,20.235
10:25:38 AM,7/18/2024,24.56,110.26,124.3,136.8,89,0.06,137.9,93,8.42,7.23,20.21
10:20:38 AM,7/18/2024,26.08,130.62,124.3,136.8,89,0.06,138,93,8.42,7.23,20.21
10:15:38 AM,7/18/2024,29.49,136.25,124.2,136.8,89,0.06,138,92.6,8.39,7.22,20.167
10:10:38 AM,7/18/2024,27.17,142.54,124.2,136.9,89,0.06,138.1,92,8.33,7.21,20.143
10:05:38 AM,7/18/2024,21.95,115.51,124.2,137,89,0.06,138.2,91.3,8.28,7.19,20.127
10:00:38 AM,7/18/2024,23.23,102.34,124.1,137.1,89,0.06,138.3,90.4,8.21,7.17,20.05
9:55:38 AM,7/18/2024,22.46,106.11,124.1,137.2,89,0.06,138.4,89.3,8.11,7.15,20.014
9:50:38 AM,7/18/2024,20.77,121.62,124.1,137.4,89,0.06,138.6,88,8.01,7.12,19.965
9:45:38 AM,7/18/2024,27.45,139.4,124.1,137.3,89,0.06,138.6,86.7,7.88,7.09,19.961
9:40:38 AM,7/18/2024,24.41,107.87,124.1,137.5,89,0.06,138.8,84.5,7.69,7.06,19.886
9:35:38 AM,7/18/2024,26.62,128.1,124,137.6,89,0.06,138.8,82.9,7.56,7.03,19.83
9:30:38 AM,7/18/2024,23.73,108.39,123.8,137.7,89,0.06,138.9,82.1,7.5,7.02,19.743
9:25:38 AM,7/18/2024,22.95,109.53,123.6,137.7,90,0.06,139,79.7,7.3,6.98,19.652
9:20:38 AM,7/18/2024,28.38,147.83,123.5,137.7,90,0.06,139.1,78.2,7.16,6.96,19.599
9:15:38 AM,7/18/2024,30.52,143.68,123.4,137.9,90,0.06,139.2,76.8,7.05,6.94,19.484
9:10:38 AM,7/18/2024,26.24,141.7,123.3,138,90,0.06,139.3,74.1,6.81,6.92,19.423
9:05:38 AM,7/18/2024,23.83,105.15,123.2,138,90,0.06,139.3,74.5,6.85,6.91,19.401
9:00:38 AM,7/18/2024,30.05,142.25,123.1,137.9,90,0.06,139.3,75.2,6.92,6.91,19.359
8:55:38 AM,7/18/2024,23.07,114.86,123.2,138.1,90,0.06,139.4,72.1,6.64,6.89,19.369
8:50:38 AM,7/18/2024,25.25,129.27,123.2,138.1,90,0.06,139.4,72.6,6.69,6.89,19.357
8:45:38 AM,7/18/2024,25.87,123.99,123.2,138.1,90,0.06,139.4,72.4,6.67,6.89,19.351
8:40:38 AM,7/18/2024,23.79,114.57,123.2,138.1,90,0.06,139.5,71,6.54,6.87,19.354
8:35:38 AM,7/18/2024,22.44,108.08,123.3,138.2,90,0.06,139.6,70.1,6.46,6.86,19.339
8:30:38 AM,7/18/2024,25.6,121.69,123.3,138.2,90,0.06,139.6,70.1,6.45,6.86,19.345
8:25:38 AM,7/18/2024,30.29,148.68,123.3,138.3,90,0.06,139.6,69.5,6.4,6.85,19.341
8:20:38 AM,7/18/2024,22.19,109.14,123.2,138.2,90,0.06,139.6,68.7,6.33,6.84,19.329
8:15:38 AM,7/18/2024,28.59,143.77,123.3,138.3,90,0.06,139.6,68.2,6.28,6.84,19.318
8:10:38 AM,7/18/2024,28.09,138.82,123.3,138.3,90,0.06,139.7,66.4,6.12,6.82,19.319
8:05:38 AM,7/18/2024,31.2,146.76,123.4,138.4,90,0.06,139.8,65.4,6.03,6.81,19.318
8:00:38 AM,7/18/2024,27.78,114.15,123.3,138.4,90,0.06,139.8,65.7,6.06,6.81,19.299
7:55:38 AM,7/18/2024,20.02,117.84,123.4,138.5,90,0.06,139.8,64.8,5.97,6.81,19.295
7:50:38 AM,7/18/2024,22.56,112.76,123.4,138.5,90,0.06,139.9,64,5.91,6.8,19.281
7:45:38 AM,7/18/2024,24.17,142.44,123.4,138.5,90,0.06,139.9,63.4,5.85,6.8,19.285
7:40:38 AM,7/18/2024,26.09,121.95,123.4,138.5,90,0.06,139.9,63,5.81,6.79,19.281
7:35:38 AM,7/18/2024,27.12,128.61,123.4,138.5,90,0.06,139.9,62.8,5.79,6.79,19.284
7:30:38 AM,7/18/2024,27.76,128.97,123.4,138.5,90,0.06,139.9,62.1,5.73,6.79,19.278
7:25:38 AM,7/18/2024,22.31,118.55,123.4,138.4,90,0.06,139.8,61.6,5.67,6.78,19.307
7:20:38 AM,7/18/2024,29.34,117.28,123.3,138.4,90,0.06,139.7,61.9,5.71,6.79,19.31
7:15:38 AM,7/18/2024,24.55,130.03,123.3,138.4,90,0.06,139.8,62.2,5.73,6.79,19.305
7:10:38 AM,7/18/2024,29.75,139.6,123.5,138.5,90,0.06,139.8,62,5.71,6.79,19.332
7:05:38 AM,7/18/2024,29.73,118.34,123.4,138.4,90,0.06,139.8,63.1,5.81,6.8,19.323
7:00:38 AM,7/18/2024,26.56,122.8,123.5,138.5,90,0.06,139.8,62.5,5.76,6.79,19.335
6:55:38 AM,7/18/2024,23.9,118.61,123.5,138.5,90,0.06,139.8,62.2,5.73,6.8,19.351
6:50:38 AM,7/18/2024,31.99,131.41,123.5,138.4,90,0.06,139.8,62.6,5.76,6.79,19.351
6:45:38 AM,7/18/2024,29.59,136.9,123.6,138.5,90,0.06,139.9,62.2,5.72,6.79,19.368
6:40:38 AM,7/18/2024,25.16,116.11,123.7,138.5,90,0.06,139.9,62,5.7,6.79,19.393
6:35:38 AM,7/18/2024,30.13,138.47,123.9,138.7,90,0.07,140.1,61.6,5.66,6.79,19.415
6:30:38 AM,7/18/2024,28.24,121.04,123.9,138.7,90,0.06,140,61.9,5.69,6.8,19.423
6:25:38 AM,7/18/2024,29.07,136.29,123.9,138.7,90,0.06,140,62.1,5.71,6.8,19.436
6:20:38 AM,7/18/2024,25.6,122.58,123.9,138.6,90,0.06,140,62.1,5.71,6.8,19.441
6:15:38 AM,7/18/2024,25.44,119.6,124,138.7,90,0.06,140,62.4,5.73,6.81,19.45
6:10:38 AM,7/18/2024,21.89,99.24,123.9,138.6,90,0.06,140,62.1,5.71,6.81,19.449
6:05:38 AM,7/18/2024,28.48,125.12,124,138.7,90,0.06,140,61.5,5.64,6.8,19.477
6:00:38 AM,7/18/2024,30.41,134.3,124,138.6,90,0.06,140,62.9,5.78,6.81,19.459
5:55:38 AM,7/18/2024,26.52,130.14,124,138.7,90,0.06,140,62.5,5.74,6.81,19.46
5:50:38 AM,7/18/2024,30.18,125.57,123.9,138.5,90,0.06,139.9,62.4,5.73,6.81,19.482
5:45:38 AM,7/18/2024,28.11,141.75,123.9,138.5,90,0.06,139.8,62.7,5.76,6.81,19.485
5:40:38 AM,7/18/2024,28.8,129.64,124,138.5,90,0.06,139.9,62.6,5.75,6.81,19.495
5:35:38 AM,7/18/2024,24.57,120.56,124,138.4,90,0.06,139.8,62.5,5.74,6.81,19.523
5:30:38 AM,7/18/2024,24.56,125.66,123.9,138.4,90,0.06,139.7,63.3,5.81,6.82,19.522
5:25:38 AM,7/18/2024,23.6,115.8,124.1,138.5,90,0.06,139.8,62.4,5.72,6.82,19.54
5:20:38 AM,7/18/2024,22.13,107.77,124,138.4,90,0.06,139.7,63.1,5.79,6.82,19.532
5:15:38 AM,7/18/2024,23.59,113.92,124,138.5,90,0.06,139.8,62.7,5.75,6.82,19.542
5:10:38 AM,7/18/2024,23.95,108.53,124,138.4,90,0.06,139.8,63.2,5.79,6.82,19.546
5:05:38 AM,7/18/2024,22.29,110.06,124.1,138.5,90,0.06,139.8,62.8,5.76,6.82,19.554
5:00:38 AM,7/18/2024,32.75,142.89,124.2,138.5,90,0.06,139.8,62.6,5.74,6.82,19.578
4:55:38 AM,7/18/2024,30.64,138.4,124.2,138.4,90,0.06,139.7,62.2,5.7,6.82,19.619
4:50:38 AM,7/18/2024,23.78,126.47,124.2,138.4,90,0.06,139.7,62.8,5.75,6.83,19.631
4:45:38 AM,7/18/2024,26.5,111.74,124.2,138.4,90,0.06,139.7,62.6,5.73,6.84,19.649
4:40:38 AM,7/18/2024,23.94,130.72,124.2,138.3,90,0.06,139.6,63,5.76,6.84,19.66
4:35:38 AM,7/18/2024,27.52,123.68,124.2,138.3,90,0.06,139.6,63.3,5.79,6.85,19.666
4:30:38 AM,7/18/2024,31.43,136.65,124.2,138.3,90,0.06,139.6,63.3,5.79,6.85,19.674
4:25:38 AM,7/18/2024,25.4,126.94,124.2,138.2,90,0.06,139.5,63.8,5.84,6.85,19.669
4:20:38 AM,7/18/2024,26.01,129.84,124.2,138.3,90,0.06,139.6,63.9,5.85,6.85,19.674
4:15:38 AM,7/18/2024,25.86,106.44,124.2,138.3,90,0.06,139.6,64.6,5.91,6.86,19.667
4:10:38 AM,7/18/2024,30.26,134.58,124.1,138.2,90,0.06,139.5,64.8,5.93,6.87,19.679
4:05:38 AM,7/18/2024,27.8,125.27,124.1,138.2,90,0.06,139.5,65.3,5.97,6.87,19.673
4:00:38 AM,7/18/2024,26.57,123.37,124,138,90,0.06,139.3,65.2,5.96,6.87,19.682
3:55:38 AM,7/18/2024,27.34,122.82,123.9,137.9,90,0.06,139.2,65.3,5.97,6.87,19.688
3:50:38 AM,7/18/2024,31.58,136.25,123.8,137.8,90,0.06,139.1,65.3,5.97,6.87,19.698
3:45:38 AM,7/18/2024,31,122.48,123.8,137.7,90,0.06,139,65.4,5.98,6.88,19.72
3:40:38 AM,7/18/2024,26.94,123.31,123.9,137.7,89,0.06,138.9,65.5,5.99,6.88,19.752
3:35:38 AM,7/18/2024,28.32,129.75,124,137.6,89,0.06,138.9,65.5,5.97,6.89,19.801
3:30:38 AM,7/18/2024,25.57,128.96,124,137.6,89,0.06,138.9,65.6,5.99,6.89,19.823
3:25:38 AM,7/18/2024,21.99,94.05,124,137.6,89,0.06,138.8,66.2,6.04,6.9,19.833
3:20:38 AM,7/18/2024,29.05,122.54,124,137.6,89,0.06,138.8,66.2,6.04,6.9,19.846
3:15:38 AM,7/18/2024,28.29,123.4,124.1,137.6,89,0.06,138.8,65.6,5.97,6.9,19.867
3:10:38 AM,7/18/2024,26.94,117.48,124.1,137.5,89,0.06,138.8,66.3,6.04,6.91,19.874
3:05:38 AM,7/18/2024,32.63,126.31,124,137.4,89,0.06,138.6,66.8,6.08,6.92,19.896
3:00:38 AM,7/18/2024,25.58,108.72,124,137.4,89,0.06,138.6,66.4,6.04,6.92,19.911
2:55:38 AM,7/18/2024,29.18,132.4,124.1,137.4,89,0.06,138.6,66.3,6.04,6.92,19.926
2:50:38 AM,7/18/2024,32.85,139.46,124,137.3,89,0.06,138.5,67.2,6.12,6.93,19.921
2:45:38 AM,7/18/2024,30.26,143.12,124,137.2,89,0.06,138.5,67.4,6.13,6.94,19.948
2:40:38 AM,7/18/2024,23.62,120.52,124.1,137.2,89,0.06,138.4,66.7,6.07,6.93,19.991
2:35:38 AM,7/18/2024,29.07,145.54,123.9,137.1,89,0.06,138.3,67.3,6.12,6.94,19.98
2:30:38 AM,7/18/2024,29.61,134.01,123.9,137,89,0.06,138.2,68.4,6.22,6.95,19.991
2:25:38 AM,7/18/2024,27.81,124.9,123.9,136.9,89,0.06,138.2,68.2,6.2,6.95,20.011
2:20:38 AM,7/18/2024,23.36,114.84,123.9,137,89,0.06,138.2,68.5,6.23,6.96,20.017
2:15:38 AM,7/18/2024,24.93,126.75,123.8,136.7,89,0.06,137.9,68.7,6.24,6.96,20.059
2:10:38 AM,7/18/2024,31.2,131.93,124.1,136.9,89,0.06,138.1,69.3,6.29,6.96,20.104
2:05:38 AM,7/18/2024,31.1,140.62,124.1,136.9,89,0.06,138.1,69,6.26,6.96,20.109
2:00:38 AM,7/18/2024,33.51,139.17,124.2,136.9,89,0.06,138.1,69.2,6.27,6.96,20.121
1:55:38 AM,7/18/2024,30.52,137.63,124.3,136.8,89,0.06,138,69.3,6.28,6.98,20.189
1:50:38 AM,7/18/2024,29.48,135.84,124.3,136.8,89,0.06,137.9,69.9,6.32,6.99,20.244
1:45:38 AM,7/18/2024,29.79,144.74,124.4,136.8,89,0.06,137.9,69.9,6.32,6.99,20.264
1:40:38 AM,7/18/2024,28.14,130.13,124.2,136.4,89,0.06,137.6,70.3,6.35,7,20.296
1:35:38 AM,7/18/2024,31.29,124.89,124.2,136.4,89,0.06,137.5,70.2,6.34,7,20.338
1:30:38 AM,7/18/2024,28.85,130.67,124.3,136.3,89,0.06,137.4,70.4,6.35,7.01,20.378
1:25:38 AM,7/18/2024,25.97,135.71,124.3,136.3,89,0.06,137.5,70.8,6.39,7.01,20.388
1:20:38 AM,7/18/2024,26.25,122.83,124.6,136.5,89,0.06,137.6,70.7,6.37,7.02,20.436
1:15:38 AM,7/18/2024,29.99,134.56,124.4,136.3,89,0.06,137.4,70.9,6.38,7.02,20.455
1:10:38 AM,7/18/2024,31.86,138.87,124.5,136.3,89,0.06,137.4,71.3,6.42,7.03,20.48
1:05:38 AM,7/18/2024,31.75,132.65,124.7,136.3,89,0.06,137.4,70.8,6.37,7.03,20.542
1:00:38 AM,7/18/2024,27.88,124.67,124.7,136.2,89,0.06,137.3,71.1,6.39,7.04,20.571
12:55:38 AM,7/18/2024,27.73,124.31,124.7,136.1,88,0.06,137.1,72,6.46,7.06,20.64
12:50:38 AM,7/18/2024,32.12,126.54,124.9,136.1,88,0.06,137.1,71.6,6.42,7.06,20.714
12:45:38 AM,7/18/2024,30.94,141.63,125,136.2,89,0.06,137.2,72.2,6.48,7.07,20.706
12:40:38 AM,7/18/2024,26.69,136.23,124.6,135.7,88,0.06,136.8,72.9,6.53,7.08,20.704
12:35:38 AM,7/18/2024,28.88,126.66,124.9,136,88,0.06,137,73.1,6.55,7.08,20.736
12:30:38 AM,7/18/2024,29.03,136.34,124.7,135.7,88,0.06,136.8,73.5,6.58,7.09,20.753
12:25:38 AM,7/18/2024,28.4,119.74,124.7,135.7,88,0.06,136.7,74,6.63,7.1,20.768
12:20:38 AM,7/18/2024,23.63,112.76,124.9,135.7,88,0.06,136.7,74.2,6.64,7.1,20.823
12:15:38 AM,7/18/2024,24.3,117.11,125.1,135.7,88,0.06,136.7,73.8,6.59,7.1,20.883
12:10:38 AM,7/18/2024,29.21,136.71,125.1,135.7,88,0.06,136.7,74.3,6.63,7.11,20.901
12:05:38 AM,7/18/2024,30.38,138.13,125.6,136.1,88,0.06,137.1,74.5,6.65,7.13,20.96
12:00:38 AM,7/18/2024,25.5,125.83,125.1,135.4,88,0.06,136.4,75.5,6.73,7.15,21.019
11:55:38 PM,7/17/2024,28.41,124.82,125.3,135.4,88,0.06,136.4,75.5,6.72,7.16,21.074
11:50:38 PM,7/17/2024,30.96,124.05,125.3,135.4,88,0.06,136.3,75.7,6.73,7.16,21.11
11:45:38 PM,7/17/2024,30.65,132.28,125.4,135.3,88,0.06,136.2,76,6.75,7.17,21.167
11:40:38 PM,7/17/2024,23.66,95,125.2,135.1,88,0.06,136,76.6,6.8,7.18,21.158
11:35:38 PM,7/17/2024,24.2,119.3,125.2,135,88,0.06,135.9,76.8,6.82,7.19,21.199
11:30:38 PM,7/17/2024,27.99,130.28,125.2,134.9,88,0.06,135.9,77.1,6.84,7.2,21.234
11:25:38 PM,7/17/2024,25.54,118.63,125.3,134.8,88,0.06,135.7,76.7,6.79,7.2,21.334
11:20:38 PM,7/17/2024,26.52,123.25,125.3,134.7,88,0.06,135.6,78.4,6.94,7.23,21.337
11:15:38 PM,7/17/2024,29.59,116.21,125.2,134.6,87,0.06,135.5,78.7,6.96,7.24,21.359
11:10:38 PM,7/17/2024,31.64,145.63,125.3,134.5,87,0.06,135.4,79,6.99,7.24,21.398
11:05:38 PM,7/17/2024,32.95,144.38,125.3,134.5,87,0.06,135.4,79.4,7.01,7.26,21.421
11:00:38 PM,7/17/2024,30.56,145.18,125.4,134.5,87,0.06,135.3,79.9,7.06,7.27,21.461
10:55:38 PM,7/17/2024,24.61,109.9,125.5,134.4,87,0.06,135.3,80.5,7.1,7.28,21.518
10:50:38 PM,7/17/2024,29.76,129.6,125.6,134.4,87,0.06,135.3,80.3,7.08,7.28,21.578
10:45:38 PM,7/17/2024,25.92,132.38,125.4,134.2,87,0.06,135,80.7,7.11,7.3,21.583
10:40:38 PM,7/17/2024,23.89,123.31,125.7,134.4,87,0.06,135.2,81.4,7.17,7.31,21.612
10:35:38 PM,7/17/2024,30.55,132.3,125.6,134.1,87,0.06,135,80.9,7.11,7.31,21.684
10:30:38 PM,7/17/2024,31.2,126.17,125.6,134,87,0.06,134.8,82,7.21,7.33,21.692
10:25:38 PM,7/17/2024,29.09,128.48,125.6,134,87,0.06,134.8,82.5,7.25,7.35,21.749
10:20:38 PM,7/17/2024,27.67,131.56,125.6,133.8,87,0.06,134.5,83.2,7.3,7.38,21.804
10:15:38 PM,7/17/2024,29.42,129.27,125.7,133.8,87,0.06,134.6,83.5,7.33,7.39,21.812
10:10:38 PM,7/17/2024,29.3,132.37,125.6,133.7,87,0.06,134.5,84.1,7.37,7.4,21.846
10:05:38 PM,7/17/2024,29.1,130.65,125.8,133.6,87,0.06,134.4,84.4,7.39,7.4,21.912
10:00:38 PM,7/17/2024,30.63,135.64,125.9,133.6,87,0.06,134.3,84.2,7.36,7.42,21.999
9:55:38 PM,7/17/2024,27.55,125.34,125.9,133.4,87,0.06,134.2,85.3,7.45,7.44,22.025
9:50:38 PM,7/17/2024,29.3,142.5,125.8,133.4,87,0.06,134.1,86.2,7.53,7.47,22.04
9:45:38 PM,7/17/2024,26.52,120.5,126.2,133.6,87,0.06,134.4,86.3,7.54,7.48,22.079
9:40:38 PM,7/17/2024,26.86,119.13,126,133.4,87,0.06,134.1,86.9,7.57,7.49,22.117
9:35:38 PM,7/17/2024,30.04,148.1,126.1,133.3,87,0.06,134,87.7,7.64,7.52,22.185
9:30:38 PM,7/17/2024,25.14,140.67,126,133,86,0.06,133.7,88.1,7.67,7.54,22.237
9:25:38 PM,7/17/2024,28.54,129.98,126,132.9,86,0.06,133.5,89,7.74,7.57,22.282
9:20:38 PM,7/17/2024,27.8,129.29,126,132.8,86,0.06,133.4,89.7,7.79,7.58,22.323
9:15:38 PM,7/17/2024,31.31,145.02,126,132.7,86,0.06,133.4,90,7.81,7.59,22.357
9:10:38 PM,7/17/2024,27.32,131.97,126,132.6,86,0.06,133.2,89.8,7.79,7.59,22.405
9:05:38 PM,7/17/2024,29.65,127.89,125.9,132.4,86,0.06,133,90.8,7.87,7.63,22.447
9:00:38 PM,7/17/2024,26.06,126.82,126,132.4,86,0.06,133,91.9,7.96,7.67,22.495
8:55:38 PM,7/17/2024,24.78,122.22,126.1,132.3,86,0.06,132.9,92.6,8.01,7.68,22.541
8:50:38 PM,7/17/2024,30.24,129.89,126,132.2,86,0.06,132.8,93.4,8.08,7.71,22.561
8:45:38 PM,7/17/2024,32.11,143.12,126,132,86,0.06,132.6,93.8,8.11,7.72,22.613
8:40:38 PM,7/17/2024,28.06,133.27,125.9,131.9,86,0.06,132.4,94.3,8.14,7.75,22.65
8:35:38 PM,7/17/2024,30.56,127.26,125.9,131.7,86,0.06,132.2,95.5,8.23,7.77,22.695
8:30:38 PM,7/17/2024,26.33,121.53,125.9,131.6,86,0.06,132.2,95.6,8.24,7.78,22.727
8:25:38 PM,7/17/2024,27.55,125.34,125.9,131.5,86,0.06,132.1,96.7,8.33,7.82,22.753
8:20:38 PM,7/17/2024,29.61,126.5,125.6,131.2,85,0.06,131.7,97.3,8.38,7.83,22.78
8:15:38 PM,7/17/2024,25.38,124.97,125.7,131.1,85,0.06,131.7,97.9,8.42,7.85,22.819
8:10:38 PM,7/17/2024,25.73,118.17,125.6,130.9,85,0.06,131.5,98.5,8.47,7.86,22.881
8:05:38 PM,7/17/2024,28.67,116.51,125.7,130.9,85,0.06,131.4,99.4,8.53,7.9,22.93
8:00:38 PM,7/17/2024,30.53,142.4,125.6,130.6,85,0.06,131.1,100.7,8.64,7.95,22.965
7:55:38 PM,7/17/2024,29.39,108.83,125.5,130.4,85,0.06,130.9,101.5,8.7,7.97,23.023
7:50:38 PM,7/17/2024,26.86,132.12,125.5,130.4,85,0.06,130.8,102.5,8.78,8,23.067
7:45:38 PM,7/17/2024,22.46,114.36,125.5,130.2,85,0.06,130.7,103.3,8.84,8.03,23.114
7:40:38 PM,7/17/2024,30.22,144.04,125.5,130.1,85,0.06,130.5,104.9,8.97,8.08,23.15
7:35:38 PM,7/17/2024,32,141.62,125.6,130,85,0.06,130.5,105.5,9.01,8.1,23.201
7:30:38 PM,7/17/2024,22.57,114.09,125.5,129.7,84,0.06,130.2,105.9,9.03,8.11,23.273
7:25:38 PM,7/17/2024,24.65,115.6,125.6,129.7,84,0.06,130.1,107.8,9.19,8.17,23.318
7:20:38 PM,7/17/2024,29.68,134.39,125.5,129.5,84,0.06,129.9,108.6,9.25,8.2,23.365
7:15:38 PM,7/17/2024,24.01,125.47,125.6,129.5,84,0.06,129.9,109.5,9.32,8.24,23.415
7:10:38 PM,7/17/2024,24.63,136.77,125.4,129.2,84,0.06,129.6,110.8,9.42,8.3,23.432
7:05:38 PM,7/17/2024,25.86,123.59,125.5,129.2,84,0.06,129.5,111.6,9.48,8.32,23.502
7:00:38 PM,7/17/2024,25.5,138.51,125.5,129,84,0.06,129.3,112.3,9.53,8.33,23.567
6:55:38 PM,7/17/2024,23.19,116.05,125.5,128.8,84,0.06,129.2,113.6,9.62,8.35,23.658
6:50:38 PM,7/17/2024,24.78,123.11,125.6,128.9,84,0.06,129.2,114.5,9.69,8.38,23.682
6:45:38 PM,7/17/2024,27.76,132.56,125.6,128.7,84,0.06,129,115.1,9.73,8.38,23.746
6:40:38 PM,7/17/2024,26.42,127.87,125.7,128.6,84,0.06,128.9,115.1,9.72,8.36,23.828
6:35:38 PM,7/17/2024,24.67,108.87,125.5,128.4,83,0.06,128.7,115.5,9.75,8.38,23.814
6:30:38 PM,7/17/2024,25.17,117.13,125.5,128.5,84,0.06,128.8,116.9,9.87,8.44,23.81
6:25:38 PM,7/17/2024,26.73,120.93,125.6,128.4,83,0.06,128.7,117.7,9.94,8.46,23.842
6:20:38 PM,7/17/2024,22.68,112.74,125.8,128.4,83,0.06,128.7,117.5,9.9,8.41,23.942
6:15:38 PM,7/17/2024,26.76,123.17,125.7,128.2,83,0.06,128.5,118.2,9.95,8.42,23.973
6:10:38 PM,7/17/2024,25.27,119.76,125.7,128.2,83,0.06,128.5,119.8,10.09,8.49,23.964
6:05:38 PM,7/17/2024,26.35,134.11,125.8,128.2,83,0.06,128.4,119.8,10.07,8.47,24.037
6:00:38 PM,7/17/2024,26.33,126.57,125.8,128,83,0.06,128.2,120.7,10.14,8.5,24.089
5:55:38 PM,7/17/2024,28.67,136.2,125.7,127.9,83,0.06,128.1,121.6,10.22,8.51,24.097
5:50:38 PM,7/17/2024,21.93,115.77,126,128.1,83,0.06,128.4,122.3,10.27,8.53,24.139
5:45:38 PM,7/17/2024,25.88,113.96,125.7,127.6,83,0.06,127.8,122.7,10.28,8.52,24.223
5:40:38 PM,7/17/2024,26.33,126.08,125.8,127.7,83,0.06,127.9,123.6,10.36,8.55,24.24
5:35:38 PM,7/17/2024,25.79,122.37,125.8,127.6,83,0.06,127.8,123.8,10.37,8.55,24.278
5:30:38 PM,7/17/2024,27.7,126.49,125.8,127.6,83,0.06,127.7,124.5,10.43,8.57,24.29
5:25:38 PM,7/17/2024,21.55,124.41,125.9,127.5,83,0.06,127.7,125.1,10.46,8.57,24.341
5:20:38 PM,7/17/2024,22.57,105.66,126,127.6,83,0.06,127.8,125.8,10.52,8.6,24.345
5:15:38 PM,7/17/2024,26.32,132.35,126.1,127.6,83,0.06,127.7,127.1,10.62,8.62,24.399
5:10:38 PM,7/17/2024,27.09,116,126.6,127.9,83,0.06,128,127.8,10.67,8.62,24.453
5:05:38 PM,7/17/2024,23.35,109.26,126.3,127.5,83,0.06,127.6,128.4,10.7,8.61,24.521
5:00:38 PM,7/17/2024,26.29,130.8,126.4,127.5,83,0.06,127.6,129.2,10.77,8.64,24.542
4:55:38 PM,7/17/2024,22.38,118.26,126.4,127.5,83,0.06,127.6,129.5,10.78,8.64,24.572
4:50:38 PM,7/17/2024,28.43,104.85,126.7,127.6,83,0.06,127.7,130.6,10.86,8.66,24.619
4:45:38 PM,7/17/2024,25.09,101.76,126.8,127.6,83,0.06,127.7,131.5,10.93,8.68,24.663
4:40:38 PM,7/17/2024,26.31,116.74,126.8,127.5,83,0.06,127.6,131.8,10.95,8.69,24.702
4:35:38 PM,7/17/2024,21.64,104.11,127,127.6,83,0.06,127.7,133.3,11.07,8.71,24.739
4:30:38 PM,7/17/2024,25.1,123.37,127.1,127.7,83,0.06,127.8,133.4,11.07,8.7,24.762
4:25:38 PM,7/17/2024,22.7,115.17,127.2,127.7,83,0.06,127.7,133.8,11.09,8.7,24.815
4:20:38 PM,7/17/2024,21.48,108.32,127.3,127.8,83,0.06,127.8,133.8,11.09,8.71,24.809
4:15:38 PM,7/17/2024,26.54,122.44,127.5,127.7,83,0.06,127.7,135.2,11.19,8.69,24.904
4:10:38 PM,7/17/2024,26.72,110.01,127.6,127.9,83,0.06,127.9,135.3,11.21,8.73,24.865
4:05:38 PM,7/17/2024,26.28,122.73,127.5,127.7,83,0.06,127.7,135.4,11.2,8.68,24.915
4:00:38 PM,7/17/2024,25.19,115.83,127.5,127.7,83,0.06,127.7,135.7,11.23,8.69,24.906
3:55:38 PM,7/17/2024,24.62,112.02,127.5,127.9,83,0.06,127.9,135.9,11.26,8.69,24.872
3:50:38 PM,7/17/2024,28.32,130.91,127.5,127.8,83,0.06,127.9,136.2,11.28,8.69,24.862
3:45:38 PM,7/17/2024,25.37,131.78,127.5,127.8,83,0.06,127.9,135.6,11.23,8.65,24.862
3:40:38 PM,7/17/2024,27.12,125.54,127.5,127.8,83,0.06,127.9,135.5,11.22,8.67,24.856
3:35:38 PM,7/17/2024,26.11,126.29,127.4,127.7,83,0.06,127.8,135.7,11.24,8.65,24.876
3:30:38 PM,7/17/2024,21.62,119.75,127.5,127.9,83,0.06,127.9,135.7,11.25,8.66,24.835
3:25:38 PM,7/17/2024,27.42,124.49,127.5,127.9,83,0.06,128,136.5,11.31,8.66,24.814
3:20:38 PM,7/17/2024,24.62,107.91,127.4,127.9,83,0.06,127.9,136.2,11.3,8.65,24.785
3:15:38 PM,7/17/2024,26.26,112.5,127.4,127.9,83,0.06,127.9,136.6,11.32,8.64,24.804
3:10:38 PM,7/17/2024,23.3,112.85,127.5,128,83,0.06,128.1,136.7,11.34,8.63,24.78
3:05:38 PM,7/17/2024,22.88,104.85,127.5,128.2,83,0.06,128.3,136.8,11.37,8.65,24.704
3:00:38 PM,7/17/2024,22.44,112.72,127.4,128.1,83,0.06,128.2,136.8,11.37,8.63,24.689
2:55:38 PM,7/17/2024,22.28,108.02,127.4,128.4,83,0.06,128.5,136.5,11.36,8.61,24.598
2:50:38 PM,7/17/2024,21.3,102.04,127.2,128.4,83,0.06,128.5,136.7,11.39,8.63,24.538
2:45:38 PM,7/17/2024,24.17,107.13,127.3,128.6,84,0.06,128.7,136.9,11.42,8.63,24.476
2:40:38 PM,7/17/2024,24.51,122.07,127.1,128.4,83,0.06,128.5,136.9,11.42,8.62,24.476
2:35:38 PM,7/17/2024,22.78,106.68,127.1,128.5,84,0.06,128.6,136.8,11.42,8.62,24.42
2:30:38 PM,7/17/2024,23.69,112.84,127.2,128.8,84,0.06,129,135.7,11.35,8.6,24.332
2:25:38 PM,7/17/2024,27.75,127.83,127.4,129.2,84,0.06,129.4,134.9,11.3,8.56,24.268
2:20:38 PM,7/17/2024,23.75,113.22,127.2,129.1,84,0.06,129.3,134.6,11.28,8.54,24.21
2:15:38 PM,7/17/2024,23.09,104.45,127.1,129.1,84,0.06,129.3,133.8,11.22,8.52,24.185
2:10:38 PM,7/17/2024,21.57,108.62,127,129.3,84,0.06,129.6,132.4,11.13,8.5,24.062
2:05:38 PM,7/17/2024,24.9,105.94,126.9,129.5,84,0.06,129.8,131.4,11.07,8.47,23.939
2:00:38 PM,7/17/2024,25.77,114.53,126.7,129.5,84,0.06,129.8,131.5,11.1,8.46,23.853
1:55:38 PM,7/17/2024,24.89,121.04,126.5,129.7,84,0.06,130,131.2,11.1,8.44,23.722
1:50:38 PM,7/17/2024,22.68,122.99,126.3,129.7,84,0.06,130,130.7,11.07,8.43,23.625
1:45:38 PM,7/17/2024,23.87,104.85,126.1,129.9,84,0.06,130.3,129.1,10.98,8.38,23.479
1:40:38 PM,7/17/2024,24.78,118.1,125.9,130.2,85,0.06,130.6,126.5,10.79,8.3,23.268
1:35:38 PM,7/17/2024,23.79,107.97,125.9,130.3,85,0.06,130.7,126.3,10.79,8.28,23.222
1:30:38 PM,7/17/2024,21.38,99.46,125.8,130.4,85,0.06,130.9,124.7,10.66,8.24,23.157
1:25:38 PM,7/17/2024,25.82,126.42,125.9,130.5,85,0.06,130.9,123.8,10.59,8.21,23.166
1:20:38 PM,7/17/2024,27.45,116.78,125.9,130.5,85,0.06,131,124.6,10.65,8.23,23.151
1:15:38 PM,7/17/2024,27.93,134.31,125.7,130.5,85,0.06,131,123.1,10.54,8.2,23.067
1:10:38 PM,7/17/2024,23.04,104.54,125.8,130.7,85,0.06,131.2,122.9,10.53,8.2,23.006
1:05:38 PM,7/17/2024,29.11,131.95,125.7,130.8,85,0.06,131.3,122,10.48,8.17,22.945
1:00:38 PM,7/17/2024,23.51,124.24,125.5,130.8,85,0.06,131.4,121.4,10.44,8.13,22.872
12:55:38 PM,7/17/2024,25.86,127.36,125.2,131.1,85,0.06,131.6,119.2,10.29,8.08,22.669
12:50:38 PM,7/17/2024,24.83,109.53,125.2,131.1,85,0.06,131.7,119,10.27,8.07,22.636
12:45:38 PM,7/17/2024,27.94,133.98,124.8,131.1,85,0.06,131.8,117.3,10.16,8.02,22.48
12:40:38 PM,7/17/2024,21.09,106.68,124.7,131.4,85,0.06,132,116.7,10.14,8,22.341
12:35:38 PM,7/17/2024,22.91,106.68,124.7,131.5,85,0.06,132.1,116.2,10.1,7.99,22.29
12:30:38 PM,7/17/2024,24.15,111.16,124.6,131.5,85,0.06,132.2,115.5,10.05,7.95,22.252
12:25:38 PM,7/17/2024,27.31,120.32,124.5,131.7,86,0.06,132.4,113.8,9.92,7.88,22.124
12:20:38 PM,7/17/2024,21.57,102.24,124.3,131.7,86,0.06,132.4,113.7,9.92,7.89,22.072
12:15:38 PM,7/17/2024,22.07,126.07,124.3,131.6,86,0.06,132.4,113.5,9.91,7.88,22.066
12:10:38 PM,7/17/2024,24.25,113.15,124.1,131.8,86,0.06,132.6,111.6,9.77,7.81,21.922
12:05:38 PM,7/17/2024,21.9,109.69,123.9,132,86,0.06,132.8,110.8,9.72,7.79,21.789
12:00:38 PM,7/17/2024,23.71,123.57,123.7,132,86,0.06,132.8,110.4,9.71,7.78,21.7
11:55:38 AM,7/17/2024,25.64,119.66,123.7,132.3,86,0.06,133.1,109.3,9.63,7.73,21.603
11:50:38 AM,7/17/2024,27.67,136.53,123.7,132.4,86,0.06,133.3,108.1,9.54,7.69,21.533
11:45:38 AM,7/17/2024,22.64,113.01,123.7,132.5,86,0.06,133.4,107.3,9.47,7.66,21.516
11:40:38 AM,7/17/2024,26.82,120.66,123.7,132.7,86,0.06,133.6,106.3,9.4,7.63,21.427
11:35:38 AM,7/17/2024,25.02,114.32,123.5,132.7,86,0.06,133.6,105.5,9.33,7.6,21.358
11:30:38 AM,7/17/2024,21.61,111.63,123.2,132.8,86,0.06,133.8,103.9,9.22,7.57,21.211
11:25:38 AM,7/17/2024,26.4,122.57,123.2,132.9,86,0.06,133.8,103.9,9.23,7.56,21.163
11:20:38 AM,7/17/2024,22.76,104.85,123.1,133,86,0.06,133.9,103.3,9.18,7.53,21.12
11:15:38 AM,7/17/2024,22.77,104.09,123.1,133.1,87,0.06,134,102.5,9.12,7.51,21.071
11:10:38 AM,7/17/2024,23,110.72,123.1,133.3,87,0.06,134.3,100.8,8.99,7.46,20.963
11:05:38 AM,7/17/2024,25.25,131.93,123,133.5,87,0.06,134.5,99.6,8.89,7.42,20.886
11:00:38 AM,7/17/2024,22.32,110.36,123,133.5,87,0.06,134.5,98.6,8.81,7.39,20.866
10:55:38 AM,7/17/2024,22.79,120.89,122.9,133.7,87,0.06,134.7,97.1,8.69,7.35,20.767
10:50:38 AM,7/17/2024,27.04,122.59,122.8,133.7,87,0.06,134.8,96.6,8.65,7.34,20.73
10:45:38 AM,7/17/2024,25.98,129.91,122.8,133.9,87,0.06,134.9,95.3,8.55,7.32,20.65
10:40:38 AM,7/17/2024,29.7,137.88,122.8,134,87,0.06,135,94.2,8.46,7.29,20.632
10:35:38 AM,7/17/2024,26.41,129.81,122.7,134,87,0.06,135.1,93.2,8.38,7.26,20.584
10:30:38 AM,7/17/2024,27.27,137.5,122.7,134.2,87,0.06,135.3,91.7,8.25,7.22,20.516
10:25:38 AM,7/17/2024,27.11,121.48,122.7,134.3,87,0.06,135.4,90.7,8.17,7.2,20.476
10:20:38 AM,7/17/2024,22.26,118.76,122.7,134.4,87,0.06,135.5,88.5,7.98,7.16,20.426
10:15:38 AM,7/17/2024,22.63,127.22,122.5,134.4,87,0.06,135.5,88.5,7.99,7.16,20.376
10:10:38 AM,7/17/2024,31.32,129.53,122.5,134.5,87,0.06,135.6,88,7.95,7.14,20.324
10:05:38 AM,7/17/2024,22.33,109.45,122.5,134.6,87,0.06,135.7,87.5,7.91,7.13,20.297
10:00:38 AM,7/17/2024,30.26,137.94,122.5,134.7,88,0.06,135.8,84.8,7.67,7.09,20.268
9:55:38 AM,7/17/2024,29.66,144.27,122.5,134.7,88,0.06,135.8,84.7,7.66,7.08,20.252
9:50:38 AM,7/17/2024,26.05,113.81,122.5,134.8,88,0.06,135.9,83.6,7.57,7.06,20.232
9:45:38 AM,7/17/2024,26.99,136.67,122.5,134.8,88,0.06,136,82.6,7.48,7.05,20.204
9:40:38 AM,7/17/2024,30.41,116.99,122.4,134.9,88,0.06,136.1,81.3,7.37,7.02,20.154
9:35:38 AM,7/17/2024,24.16,117.79,122.3,134.9,88,0.06,136.1,80.1,7.27,7.01,20.102
9:30:38 AM,7/17/2024,23.26,131,122.2,135,88,0.06,136.1,79.4,7.21,7,20.066
9:25:38 AM,7/17/2024,23,116.81,122.2,135.1,88,0.06,136.3,77,6.99,6.97,20.028
9:20:38 AM,7/17/2024,25.06,128.2,122.2,135.1,88,0.06,136.3,76.4,6.94,6.95,19.984
9:15:38 AM,7/17/2024,22.56,117.65,122.1,135.1,88,0.06,136.4,75.9,6.91,6.95,19.964
9:10:38 AM,7/17/2024,21.99,134.29,122,135.1,88,0.06,136.4,75.6,6.88,6.94,19.927
9:05:38 AM,7/17/2024,23.21,142.41,122.1,135.3,88,0.06,136.5,72.2,6.58,6.9,19.898
9:00:38 AM,7/17/2024,27.89,130.47,122,135.2,88,0.06,136.5,73.2,6.68,6.9,19.857
8:55:38 AM,7/17/2024,27.44,136.45,122.1,135.4,88,0.06,136.7,70.3,6.41,6.88,19.83
8:50:38 AM,7/17/2024,29.3,139.69,122,135.4,88,0.06,136.7,69.9,6.38,6.87,19.817
8:45:38 AM,7/17/2024,26.43,142,122,135.5,88,0.06,136.7,68.7,6.27,6.86,19.795
8:40:38 AM,7/17/2024,27.31,122.58,122,135.5,88,0.06,136.8,67.6,6.17,6.84,19.782
8:35:38 AM,7/17/2024,22.95,108.76,122.1,135.6,88,0.06,136.8,65.6,5.99,6.83,19.783
8:30:38 AM,7/17/2024,22.53,136.83,122,135.6,88,0.06,136.9,65.6,5.99,6.82,19.75
8:25:38 AM,7/17/2024,20.18,116.88,122,135.6,88,0.06,136.9,64.2,5.86,6.81,19.764
8:20:38 AM,7/17/2024,21.45,124.5,122.1,135.7,88,0.06,136.9,62.6,5.72,6.79,19.76
8:15:38 AM,7/17/2024,30.97,141.66,122.1,135.7,88,0.06,137,62.1,5.67,6.79,19.751
8:10:38 AM,7/17/2024,24.58,123.91,122,135.7,88,0.06,137,62.3,5.7,6.79,19.716
8:05:38 AM,7/17/2024,31.39,139.24,122.1,135.8,88,0.06,137.1,61.7,5.64,6.78,19.706
8:00:38 AM,7/17/2024,26.15,129.61,122.1,135.9,88,0.06,137.1,60.4,5.53,6.77,19.706
7:55:38 AM,7/17/2024,24.82,114.24,122.2,135.9,88,0.06,137.2,59.4,5.43,6.76,19.706
7:50:38 AM,7/17/2024,25.86,128.55,122.2,135.9,88,0.06,137.1,59,5.4,6.76,19.726
7:45:38 AM,7/17/2024,28.39,143.56,122.3,135.9,88,0.06,137.2,58.2,5.31,6.75,19.741
7:40:38 AM,7/17/2024,27.05,119.15,122.3,135.9,88,0.06,137.2,58,5.3,6.75,19.74
7:35:38 AM,7/17/2024,22.2,121.58,122.3,136,88,0.06,137.2,58,5.3,6.75,19.741
7:30:38 AM,7/17/2024,23.26,120.7,122.4,136,88,0.06,137.3,58.2,5.32,6.76,19.75
7:25:38 AM,7/17/2024,21.79,121.48,122.4,136,88,0.06,137.3,58.1,5.31,6.75,19.757
7:20:38 AM,7/17/2024,26.04,140.26,122.5,136.1,88,0.06,137.3,58,5.3,6.76,19.763
7:15:38 AM,7/17/2024,32.44,140.69,122.6,136.1,88,0.06,137.4,56.9,5.2,6.75,19.786
7:10:38 AM,7/17/2024,30.52,144.1,122.6,136.1,88,0.06,137.3,57.1,5.21,6.75,19.827
7:05:38 AM,7/17/2024,29.29,124.35,122.7,136.1,88,0.06,137.3,56.9,5.19,6.75,19.836
7:00:38 AM,7/17/2024,25.17,117.12,122.7,136,88,0.06,137.2,57.3,5.22,6.76,19.859
6:55:38 AM,7/17/2024,27.27,125.46,122.7,136,88,0.06,137.2,57.7,5.26,6.76,19.884
6:50:38 AM,7/17/2024,29.93,139.36,122.8,136,88,0.06,137.2,57.5,5.24,6.76,19.9
6:45:38 AM,7/17/2024,27.54,122.6,122.8,136,88,0.06,137.3,57.7,5.25,6.76,19.913
6:40:38 AM,7/17/2024,31.08,143.28,122.9,136.1,88,0.06,137.3,57.3,5.22,6.76,19.925
6:35:38 AM,7/17/2024,33.29,146.22,122.9,136.1,88,0.06,137.3,57.6,5.24,6.76,19.927
6:30:38 AM,7/17/2024,26.86,129.11,122.9,136.1,88,0.06,137.3,58.1,5.29,6.77,19.927
6:25:38 AM,7/17/2024,31.41,112.77,122.9,136.1,88,0.06,137.3,58.4,5.32,6.78,19.93
6:20:38 AM,7/17/2024,30.98,137.81,122.9,136,88,0.06,137.3,58.6,5.33,6.78,19.943
6:15:38 AM,7/17/2024,24.41,112.49,123,136,88,0.06,137.3,58.3,5.3,6.78,19.962
6:10:38 AM,7/17/2024,28.75,125.72,123,136,88,0.06,137.2,58.5,5.32,6.78,19.982
6:05:38 AM,7/17/2024,25.21,123.16,122.9,135.9,88,0.06,137.2,59,5.37,6.79,19.991
6:00:38 AM,7/17/2024,32.55,143.63,122.9,135.8,88,0.06,137,59,5.37,6.79,20.009
5:55:38 AM,7/17/2024,24.47,117.07,122.9,135.8,88,0.06,137,59.2,5.38,6.79,20.019
5:50:38 AM,7/17/2024,25.5,124.13,122.9,135.8,88,0.06,137,59.4,5.39,6.8,20.032
5:45:38 AM,7/17/2024,24.57,120.8,122.9,135.8,88,0.06,137,59.3,5.39,6.8,20.052
5:40:38 AM,7/17/2024,22.38,100.35,123,135.8,88,0.06,137,59.2,5.38,6.8,20.066
5:35:38 AM,7/17/2024,28.93,135.35,123.1,135.8,88,0.06,137,59.2,5.38,6.8,20.079
5:30:38 AM,7/17/2024,27.84,135.54,123,135.8,88,0.06,137,59.3,5.38,6.8,20.085
5:25:38 AM,7/17/2024,29.8,127.35,123,135.7,88,0.06,136.9,59.7,5.42,6.81,20.108
5:20:38 AM,7/17/2024,26.01,114.23,123,135.6,88,0.06,136.8,59.9,5.43,6.81,20.13
5:15:38 AM,7/17/2024,23.59,115.53,123,135.5,88,0.06,136.7,60.2,5.46,6.81,20.151
5:10:38 AM,7/17/2024,23.06,108.34,122.9,135.4,88,0.06,136.6,60.8,5.51,6.82,20.157
5:05:38 AM,7/17/2024,28.98,126.96,122.9,135.4,88,0.06,136.6,61,5.53,6.82,20.162
5:00:38 AM,7/17/2024,30.89,138.2,122.9,135.4,88,0.06,136.6,61.3,5.55,6.83,20.164
4:55:38 AM,7/17/2024,26.05,135.7,122.9,135.4,88,0.06,136.6,60.8,5.51,6.82,20.185
4:50:38 AM,7/17/2024,27.78,118.47,122.9,135.4,88,0.06,136.5,61.2,5.54,6.83,20.186
4:45:38 AM,7/17/2024,26.81,127.28,122.9,135.3,88,0.06,136.5,61.4,5.56,6.83,20.193
4:40:38 AM,7/17/2024,32.14,145.56,123,135.4,88,0.06,136.5,61,5.52,6.83,20.215
4:35:38 AM,7/17/2024,27.12,121.55,123.1,135.4,88,0.06,136.5,60.9,5.51,6.83,20.234
4:30:38 AM,7/17/2024,29.38,135.82,123.1,135.3,88,0.06,136.4,61.2,5.53,6.84,20.272
4:25:38 AM,7/17/2024,25.49,115.5,123,135.2,88,0.06,136.3,61.6,5.56,6.84,20.289
4:20:38 AM,7/17/2024,31.19,142.77,123.1,135.1,88,0.06,136.3,61.7,5.57,6.84,20.322
4:15:38 AM,7/17/2024,27.55,145.79,123,135,88,0.06,136.2,62.2,5.61,6.85,20.339
4:10:38 AM,7/17/2024,23.86,99.47,123,135,88,0.06,136.1,62.6,5.65,6.85,20.342
4:05:38 AM,7/17/2024,31.15,131.92,123,135,88,0.06,136.1,62.8,5.67,6.86,20.372
4:00:38 AM,7/17/2024,29.06,140.11,123.1,135,88,0.06,136.1,62.9,5.67,6.86,20.39
3:55:38 AM,7/17/2024,25.59,119.81,123.1,135,88,0.06,136.1,62.8,5.66,6.86,20.412
3:50:38 AM,7/17/2024,31.68,139.33,123.2,135,88,0.06,136.1,62.6,5.64,6.86,20.433
3:45:38 AM,7/17/2024,26.3,119.76,123.2,134.9,88,0.06,136,63.1,5.68,6.87,20.459
3:40:38 AM,7/17/2024,34.23,145.94,123.4,135,88,0.06,136,62.6,5.63,6.86,20.501
3:35:38 AM,7/17/2024,30.62,130.65,123.4,134.9,88,0.06,136,62.5,5.62,6.87,20.519
3:30:38 AM,7/17/2024,23.24,103.43,123.3,134.8,88,0.06,135.9,63.8,5.74,6.88,20.512
3:25:38 AM,7/17/2024,29,139.5,123.2,134.7,88,0.06,135.8,64.4,5.8,6.88,20.525
3:20:38 AM,7/17/2024,28.03,132.46,123.3,134.7,88,0.06,135.8,64.7,5.82,6.89,20.536
3:15:38 AM,7/17/2024,25.79,130.54,123.3,134.8,88,0.06,135.8,64.7,5.82,6.88,20.543
3:10:38 AM,7/17/2024,31.64,135.94,123.3,134.8,88,0.06,135.9,64.6,5.81,6.88,20.556
3:05:38 AM,7/17/2024,23.7,114.37,123.5,134.8,88,0.06,135.9,64,5.75,6.89,20.598
3:00:38 AM,7/17/2024,22.36,130.33,123.5,134.8,88,0.06,135.8,64,5.75,6.89,20.611
2:55:38 AM,7/17/2024,27.03,134.14,123.4,134.6,87,0.06,135.7,64.4,5.79,6.9,20.623
2:50:38 AM,7/17/2024,25.46,137.09,123.3,134.5,87,0.06,135.6,65.6,5.89,6.91,20.637
2:45:38 AM,7/17/2024,25.86,138.28,123.4,134.5,87,0.06,135.6,65.9,5.91,6.92,20.663
2:40:38 AM,7/17/2024,26.94,129.88,123.4,134.5,87,0.06,135.5,66,5.92,6.92,20.69
2:35:38 AM,7/17/2024,26.45,133.25,123.4,134.4,87,0.06,135.5,66.5,5.96,6.93,20.699
2:30:38 AM,7/17/2024,34.77,130.69,123.3,134.3,87,0.06,135.4,66.7,5.97,6.93,20.714
2:25:38 AM,7/17/2024,33.85,147.67,123.3,134.3,87,0.06,135.3,66.4,5.95,6.93,20.73
2:20:38 AM,7/17/2024,27.29,121.77,123.4,134.3,87,0.06,135.3,67.3,6.03,6.94,20.744
2:15:38 AM,7/17/2024,29.43,142.75,123.3,134.2,87,0.06,135.2,67.4,6.04,6.95,20.745
2:10:38 AM,7/17/2024,30.4,132.86,123.3,134.2,87,0.06,135.2,67.8,6.07,6.95,20.752
2:05:38 AM,7/17/2024,34.18,147.54,123.3,134.1,87,0.06,135.1,68,6.09,6.96,20.772
2:00:38 AM,7/17/2024,33.16,147.25,123.3,134.1,87,0.06,135.1,67.9,6.08,6.96,20.783
1:55:38 AM,7/17/2024,32.05,136.2,123.3,134,87,0.06,135.1,68.3,6.11,6.96,20.796
1:50:38 AM,7/17/2024,27.13,139.28,123.3,133.9,87,0.06,135,68.2,6.1,6.97,20.846
1:45:38 AM,7/17/2024,34.57,150.22,123.4,133.9,87,0.06,134.9,68.4,6.11,6.97,20.896
1:40:38 AM,7/17/2024,32.9,146.93,123.3,133.7,87,0.06,134.7,69.2,6.17,6.98,20.928
1:35:38 AM,7/17/2024,30.67,141.08,123.3,133.7,87,0.06,134.7,69.6,6.21,6.99,20.946
1:30:38 AM,7/17/2024,34.63,148.34,123.3,133.6,87,0.06,134.6,69.8,6.23,6.99,20.951
1:25:38 AM,7/17/2024,30.39,139.47,123.4,133.7,87,0.06,134.6,69.5,6.2,6.99,20.967
1:20:38 AM,7/17/2024,36.92,148.74,123.3,133.6,87,0.06,134.6,69.7,6.21,6.99,20.957
1:15:38 AM,7/17/2024,31.63,122.98,123.3,133.6,87,0.06,134.6,69.8,6.22,7,20.977
1:10:38 AM,7/17/2024,23.96,121.58,123.4,133.5,87,0.06,134.5,70.3,6.27,7.01,21.024
1:05:38 AM,7/17/2024,30.38,136.68,123.3,133.4,87,0.06,134.4,70.7,6.3,7.02,21.037
1:00:38 AM,7/17/2024,29.06,138.93,123.4,133.3,87,0.06,134.3,71.1,6.33,7.03,21.088
12:55:38 AM,7/17/2024,30.76,138.81,123.4,133.2,87,0.06,134.2,71.8,6.38,7.04,21.133
12:50:38 AM,7/17/2024,23.64,114.99,123.4,133.1,87,0.06,134.1,72,6.4,7.05,21.158
12:45:38 AM,7/17/2024,25.6,136.39,123.4,133.1,86,0.06,134,72.4,6.43,7.06,21.188
12:40:38 AM,7/17/2024,33.81,146.87,123.4,133.1,86,0.06,134,73,6.48,7.07,21.205
12:35:38 AM,7/17/2024,26.4,122.89,123.4,133,86,0.06,133.9,72.9,6.47,7.07,21.229
12:30:38 AM,7/17/2024,24.34,112.25,123.4,133,86,0.06,133.9,72.7,6.45,7.06,21.234
12:25:38 AM,7/17/2024,29.36,136.2,123.4,133,86,0.06,133.9,72.7,6.44,7.06,21.241
12:20:38 AM,7/17/2024,31.51,140.85,123.4,132.9,86,0.06,133.8,73,6.48,7.07,21.26
12:15:38 AM,7/17/2024,24.96,129.1,123.4,132.7,86,0.06,133.6,74,6.56,7.1,21.311
12:10:38 AM,7/17/2024,29.74,141.63,123.4,132.6,86,0.06,133.5,74.7,6.61,7.12,21.366
12:05:38 AM,7/17/2024,31.33,144.51,123.4,132.5,86,0.06,133.4,75.2,6.65,7.13,21.398
12:00:38 AM,7/17/2024,27.88,136.48,123.3,132.4,86,0.06,133.3,75.7,6.69,7.13,21.418
11:55:38 PM,7/16/2024,30.82,143.95,123.4,132.3,86,0.06,133.2,76.1,6.72,7.15,21.445
11:50:38 PM,7/16/2024,30.16,144.78,123.3,132.2,86,0.06,133.1,76.7,6.77,7.15,21.476
11:45:38 PM,7/16/2024,30.33,138.83,123.3,132.2,86,0.06,133.1,76.3,6.74,7.15,21.478
11:40:38 PM,7/16/2024,28.87,133.18,123.4,132.2,86,0.06,133,76.9,6.79,7.16,21.506
11:35:38 PM,7/16/2024,31.65,142.24,123.3,132.1,86,0.06,132.9,77.3,6.82,7.17,21.523
11:30:38 PM,7/16/2024,32.26,142.78,123.3,132,86,0.06,132.9,77.6,6.84,7.18,21.558
11:25:38 PM,7/16/2024,26.14,114.23,123.5,132,86,0.06,132.8,77.9,6.86,7.19,21.603
11:20:38 PM,7/16/2024,33.05,146.25,123.4,131.9,86,0.06,132.7,78.3,6.89,7.2,21.647
11:15:38 PM,7/16/2024,27.05,112.56,123.4,131.7,86,0.06,132.6,79.2,6.96,7.23,21.687
11:10:38 PM,7/16/2024,34.06,142.61,123.4,131.6,86,0.06,132.4,79.9,7.02,7.25,21.738
11:05:38 PM,7/16/2024,32.42,144.14,123.5,131.5,86,0.06,132.3,80.6,7.07,7.27,21.781
11:00:38 PM,7/16/2024,28.38,140.67,123.3,131.4,85,0.06,132.1,81.2,7.12,7.28,21.805
10:55:38 PM,7/16/2024,34.44,150.46,123.3,131.2,85,0.06,132,81.7,7.16,7.29,21.837
10:50:38 PM,7/16/2024,28.05,133,123.4,131.2,85,0.06,132,82,7.18,7.3,21.863
10:45:38 PM,7/16/2024,28.67,133.94,123.3,131.1,85,0.06,131.9,82.2,7.2,7.31,21.88
10:40:38 PM,7/16/2024,32.75,146.57,123.3,131.1,85,0.06,131.8,82.5,7.23,7.32,21.901
10:35:38 PM,7/16/2024,31.72,139.7,123.3,131,85,0.06,131.8,82.8,7.25,7.32,21.928
10:30:38 PM,7/16/2024,28.23,136.97,123.3,131,85,0.06,131.7,82.9,7.25,7.32,21.938
10:25:38 PM,7/16/2024,33.35,147.53,123.4,130.9,85,0.06,131.7,83,7.26,7.33,21.975
10:20:38 PM,7/16/2024,26.7,122.83,123.4,130.7,85,0.06,131.5,83.9,7.33,7.36,22.049
10:15:38 PM,7/16/2024,34.73,137.02,123.3,130.5,85,0.06,131.2,84.7,7.39,7.38,22.114
10:10:38 PM,7/16/2024,28.39,130.69,123.3,130.4,85,0.06,131.1,85.7,7.47,7.41,22.149
10:05:38 PM,7/16/2024,31.69,138.01,123.3,130.3,85,0.06,131,86.1,7.5,7.42,22.191
10:00:38 PM,7/16/2024,23.55,98.18,123.3,130.2,85,0.06,130.9,86.7,7.54,7.44,22.238
9:55:38 PM,7/16/2024,31.31,149.42,123.3,130.1,85,0.06,130.7,87.1,7.58,7.45,22.261
9:50:38 PM,7/16/2024,34.17,145.53,123.3,130,84,0.06,130.6,87.6,7.61,7.46,22.31
9:45:38 PM,7/16/2024,28.54,140.72,123.3,129.9,84,0.06,130.5,88.1,7.65,7.48,22.338
9:40:38 PM,7/16/2024,24.18,122.26,123.3,129.8,84,0.06,130.4,88.6,7.69,7.5,22.381
9:35:38 PM,7/16/2024,32.39,135.08,123.2,129.6,84,0.06,130.2,89.5,7.75,7.52,22.437
9:30:38 PM,7/16/2024,25.46,129.43,123.3,129.5,84,0.06,130.1,89.9,7.79,7.54,22.462
9:25:38 PM,7/16/2024,27.16,133.04,123.2,129.4,84,0.06,130,90.4,7.83,7.56,22.486
9:20:38 PM,7/16/2024,25.11,114.44,123.3,129.4,84,0.06,129.9,91,7.87,7.57,22.546
9:15:38 PM,7/16/2024,36.51,151.27,123.2,129.2,84,0.06,129.8,91.6,7.92,7.59,22.583
9:10:38 PM,7/16/2024,28.02,139.15,123.2,129,84,0.06,129.6,92.3,7.97,7.61,22.627
9:05:38 PM,7/16/2024,31.01,142.49,123.1,128.8,84,0.06,129.4,93.4,8.06,7.65,22.684
9:00:38 PM,7/16/2024,31.73,147.61,123.2,128.7,84,0.06,129.2,94.5,8.14,7.69,22.753
8:55:38 PM,7/16/2024,31.09,144.18,123.4,128.8,84,0.06,129.3,95.5,8.23,7.73,22.8
8:50:38 PM,7/16/2024,32.44,147.97,123.3,128.6,84,0.06,129.1,96.2,8.28,7.75,22.832
8:45:38 PM,7/16/2024,34.38,144.41,123.3,128.6,84,0.06,129.1,96.6,8.31,7.75,22.859
8:40:38 PM,7/16/2024,29.89,142.33,123.2,128.4,83,0.06,128.9,96.8,8.32,7.75,22.897
8:35:38 PM,7/16/2024,30.17,143.91,123.3,128.4,83,0.06,128.9,97.4,8.37,7.77,22.923
8:30:38 PM,7/16/2024,31.19,133.24,123.3,128.3,83,0.06,128.8,97.8,8.39,7.78,22.983
8:25:38 PM,7/16/2024,28.24,134.19,123.3,128.2,83,0.06,128.7,98.2,8.42,7.79,22.993
8:20:38 PM,7/16/2024,35.3,151.2,123.2,128.1,83,0.06,128.6,98.9,8.48,7.81,23.018
8:15:38 PM,7/16/2024,34,149.78,123.3,127.9,83,0.06,128.4,100.1,8.57,7.85,23.097
8:10:38 PM,7/16/2024,28.3,139.35,123.2,127.7,83,0.06,128.1,101.6,8.68,7.91,23.177
8:05:38 PM,7/16/2024,27.3,131.35,123.1,127.4,83,0.06,127.9,103,8.79,7.96,23.229
8:00:38 PM,7/16/2024,33.98,145.88,123.1,127.3,83,0.06,127.8,103.6,8.84,7.98,23.263
7:55:38 PM,7/16/2024,27.33,124.76,123.1,127.2,83,0.06,127.6,104.8,8.93,8.01,23.312
7:50:38 PM,7/16/2024,28.01,148.89,123,127,83,0.06,127.4,105.4,8.98,8.03,23.352
7:45:38 PM,7/16/2024,29.2,144.29,123.1,126.9,82,0.06,127.3,106.5,9.06,8.06,23.416
7:40:38 PM,7/16/2024,25.51,129.96,123,126.7,82,0.06,127.1,107.4,9.12,8.08,23.477
7:35:38 PM,7/16/2024,25.6,143.56,122.9,126.5,82,0.06,126.9,108.4,9.21,8.12,23.509
7:30:38 PM,7/16/2024,30.2,142.91,122.8,126.3,82,0.06,126.7,109.2,9.27,8.14,23.548
7:25:38 PM,7/16/2024,25.79,131.63,122.9,126.2,82,0.06,126.6,110.2,9.34,8.18,23.612
7:20:38 PM,7/16/2024,24.94,114.68,122.8,126.1,82,0.06,126.4,111,9.4,8.21,23.639
7:15:38 PM,7/16/2024,28.4,139.53,122.9,126,82,0.06,126.4,111.8,9.47,8.24,23.682
7:10:38 PM,7/16/2024,27.04,128.32,122.9,125.9,82,0.06,126.2,112.6,9.52,8.25,23.736
7:05:38 PM,7/16/2024,24.19,116.86,122.9,125.8,82,0.06,126.1,113.4,9.58,8.27,23.781
7:00:38 PM,7/16/2024,29.56,148.73,122.8,125.6,82,0.06,125.9,114.8,9.69,8.31,23.82
6:55:38 PM,7/16/2024,25.17,137.51,122.9,125.6,82,0.06,125.9,115.5,9.74,8.32,23.862
6:50:38 PM,7/16/2024,28.14,141.15,122.9,125.5,82,0.06,125.8,116.3,9.8,8.34,23.913
6:45:38 PM,7/16/2024,23.02,141.08,123,125.5,82,0.06,125.7,117.2,9.87,8.36,23.972
6:40:38 PM,7/16/2024,27.82,131.08,123.1,125.4,81,0.06,125.6,117.9,9.91,8.38,24.038
6:35:38 PM,7/16/2024,24.55,121.62,123.1,125.3,81,0.06,125.5,119,10,8.4,24.074
6:30:38 PM,7/16/2024,31.62,139.19,123.1,125.2,81,0.06,125.4,119.8,10.06,8.42,24.118
6:25:38 PM,7/16/2024,31.26,146.36,123.2,125.2,81,0.06,125.4,120.1,10.08,8.42,24.138
6:20:38 PM,7/16/2024,23.23,115.34,123.2,125.2,81,0.06,125.4,120,10.07,8.41,24.167
6:15:38 PM,7/16/2024,25.56,134.08,123.2,125.1,81,0.06,125.3,120.7,10.12,8.42,24.196
6:10:38 PM,7/16/2024,28.16,123.31,123.3,125.1,81,0.06,125.3,120.8,10.13,8.42,24.215
6:05:38 PM,7/16/2024,28.89,138.43,123.2,125,81,0.06,125.2,121.5,10.18,8.44,24.228
6:00:38 PM,7/16/2024,31.3,143.97,123.3,125,81,0.06,125.2,121.6,10.18,8.44,24.28
5:55:38 PM,7/16/2024,24.77,129.17,123.4,125,81,0.06,125.1,122,10.2,8.43,24.319
5:50:38 PM,7/16/2024,26.52,137.65,123.4,125,81,0.06,125.1,122,10.2,8.43,24.344
5:45:38 PM,7/16/2024,25.66,138.74,123.3,124.7,81,0.06,124.9,123.9,10.35,8.46,24.41
5:40:38 PM,7/16/2024,24.08,112.95,123.5,124.8,81,0.06,125,122.6,10.24,8.44,24.433
5:35:38 PM,7/16/2024,25.37,121.65,123.5,124.8,81,0.06,125,124.5,10.39,8.48,24.456
5:30:38 PM,7/16/2024,24.82,127.03,123.6,124.9,81,0.06,125,124.1,10.35,8.45,24.467
5:25:38 PM,7/16/2024,24.13,119.46,123.7,124.9,81,0.06,125,124,10.34,8.43,24.471
5:20:38 PM,7/16/2024,24.74,122.19,123.7,124.8,81,0.06,125,124.7,10.4,8.44,24.507
5:15:38 PM,7/16/2024,24.97,119.6,123.6,124.6,81,0.06,124.7,126,10.49,8.46,24.561
5:10:38 PM,7/16/2024,22.47,121.61,123.5,124.5,81,0.06,124.6,126.4,10.52,8.46,24.603
5:05:38 PM,7/16/2024,24.91,125.13,123.6,124.5,81,0.06,124.6,126.2,10.5,8.43,24.618
5:00:38 PM,7/16/2024,26.87,138.82,123.8,124.7,81,0.06,124.8,127.9,10.64,8.48,24.643
4:55:38 PM,7/16/2024,25.85,114.96,123.8,124.6,81,0.06,124.7,128,10.65,8.49,24.647
4:50:38 PM,7/16/2024,25.18,116.2,123.7,124.5,81,0.06,124.6,125.5,10.43,8.42,24.667
4:45:38 PM,7/16/2024,31.82,140.81,123.9,124.7,81,0.06,124.8,127.8,10.62,8.49,24.658
4:40:38 PM,7/16/2024,24.88,132.47,124.1,124.9,81,0.06,125,127.4,10.6,8.47,24.636
4:35:38 PM,7/16/2024,27.83,121.96,123.8,124.6,81,0.06,124.7,127.1,10.57,8.43,24.646
4:30:38 PM,7/16/2024,27.88,112.58,123.5,124.5,81,0.06,124.6,124.8,10.39,8.29,24.579
4:25:38 PM,7/16/2024,27.66,129.25,124.2,125.2,81,0.06,125.4,130.6,10.87,8.53,24.581
4:20:38 PM,7/16/2024,27.62,141.73,123.7,124.9,81,0.06,125,127.3,10.61,8.34,24.519
4:15:38 PM,7/16/2024,23.11,113.82,123.6,124.8,81,0.06,124.9,130.5,10.88,8.43,24.518
4:10:38 PM,7/16/2024,25.57,112.53,122.9,124,81,0.06,124.1,125.6,10.47,8.17,24.519
4:05:38 PM,7/16/2024,22.64,99.6,123.1,124.2,81,0.06,124.3,127.9,10.66,8.32,24.524
4:00:38 PM,7/16/2024,0.75,0.48,2.1,2.3,1,0,2.3,94.7,8.41,6.12,21.219
3:55:38 PM,7/16/2024,10.91,31.89,2.1,2.3,2,0,2.3,94.2,8.38,6.37,21.128
3:50:38 PM,7/16/2024,21.69,23.15,24.2,24.5,16,0.01,24.5,128.9,10.8,8.56,24.287
3:45:38 PM,7/16/2024,0.6,0.36,9,9.1,6,0,9.1,96.1,8.02,3.71,24.46
3:40:38 PM,7/16/2024,1.31,0.64,8.8,8.9,6,0,8.9,95.8,7.99,3.59,24.512
3:35:38 PM,7/16/2024,0.65,0.33,5.5,5.7,4,0,5.7,96,8.21,3.57,23.181
